{
	"credit": "Made with Blockbench",
	"texture_size": [32, 32],
	"parent": "block/cube_all",
	"textures": {
		"0": "minecraft:block/clay",
		"particle": "minecraft:block/clay",
		"all": "minecraft:block/clay"
	},
	"elements": [
		{
			"from": [-5, -11, 2],
			"to": [-4, 6, 15],
			"rotation": {"angle": 0, "axis": "y", "origin": [-5, -1, -9]},
			"faces": {
				"north": {"uv": [1.75, 11.75, 1.5, 14.25], "rotation": 270, "texture": "#0"},
				"east": {"uv": [1.75, 14, 1, 7.5], "rotation": 180, "texture": "#0"},
				"south": {"uv": [1.25, 7.75, 1.75, 11.5], "rotation": 90, "texture": "#0"},
				"west": {"uv": [1.75, 8.5, 1, 14.75], "texture": "#0"},
				"up": {"uv": [1, 9.5, 1.75, 11.75], "rotation": 90, "texture": "#0"},
				"down": {"uv": [1, 12, 1.5, 13.5], "rotation": 90, "texture": "#0"}
			}
		},
		{
			"from": [-5, -9.7, 4],
			"to": [-3.5, 5, 13.3],
			"rotation": {"angle": 0, "axis": "y", "origin": [-5, -1, -9]},
			"faces": {
				"north": {"uv": [0.75, 10.75, 2, 13.75], "rotation": 270, "texture": "#0"},
				"east": {"uv": [13.25, 16, 2.75, 0], "rotation": 180, "texture": "#0"},
				"south": {"uv": [1, 7.5, 1.5, 8.75], "rotation": 90, "texture": "#0"},
				"west": {"uv": [1, 10, 0.5, 15], "texture": "#0"},
				"up": {"uv": [0.5, 8.5, 1.5, 10], "rotation": 90, "texture": "#0"},
				"down": {"uv": [0.75, 7.25, 1.5, 8], "rotation": 90, "texture": "#0"}
			}
		}
	],
	"groups": [
		{
			"name": "group",
			"origin": [0, 0, 0],
			"color": 0,
			"children": [0, 1]
		}
	]
}